product_name,brand_name,highlights,ingredients,price_usd
Fragrance Discovery Set,19-69,"['Unisex/ Genderless Scent', 'Warm &Spicy Scent', 'Woody & Earthy Scent', 'Fresh Scent']","['Capri Eau de Parfum:', 'Alcohol Denat. (SD Alcohol 39C), Parfum (Fragrance) D-Limonene, Linalool, Benzyl Salicylate, Ethylhexyl Methoxycinnamate, Butyl Methoxydibenzoylmethane, Ethylhexyl Salicylate, Benzl Benzoate, Citral, Geraniol, Eugenol, Benzyl Alcohol, Farnesol, Citronellol, Isoeugenol.', 'Invisible Post Eau de Parfum:', 'Alcohol Denat. (SD Alcohol 39C), Parfum (Fragrance) Ethylhexyl Methoxycinnamate, Ethylhexyl Salicylate, Butyl Methoxydibenzoylmethane, Benzyl Benzoate, Citral, Coumarin, Limonene, Alpha-Isomethyl Ionone, Linalool.', 'Kashbah Eau de Parfum:', 'Alcohol Denat. (SD Alcohol 39C), Parfum (Fragrance) Coumarin, Ethylhexyl Methoxycinnamate, Butyl Methoxydibenzoylmethane, Ethylhexyl Salicylate, D-Limonene, Eugenol, Linalool, Citronellol, Geraniol, Cinnamal, Citral.', 'L’Air Barbes Eau de Parfum:', 'Alcohol Denat. (SD Alcohol 39C), Parfum (Fragrance) Benzyl Salicylate, D-Limonene, Ethylhexyl Methoxycinnamate, Butyl Methoxydibenzoylmethane, Ethylhexyl Salicylate, Linalool Citral, Alphaisomethyl Ionone, Benzyl Benzoate, Geraniol Farnesol, Isoeugenol, Eugenol.', 'La Habana Eau de Parfum:', 'Alcohol Denat. (SD Alcohol 39C), Parfum (Fragrance) Ethylhexyl Methoxycinnamate, Ethylhexyl Salicylate, Butyl Methoxydibenzoylmethane, Benzyl Alcohol, Benzyl Benzoate, Benzyl Cinnamate, Cinnamal, Citral, Coumarin Limonene, Eugenol, Alpha-Isomethyl Ionone, Linalool.', 'Purple Haze Eau de Parfum:', 'Alcohol Denat. (SD Alcohol 39C), Parfum (Fragrance) Octoxynol-10, D-Limonene, Ethylhexyl Methoxycinnamate, Butyl Methoxydibenzoylmethane, Ethylhexyl Salicylate, Geraniol, Linalool, Coumarin, Farnesol, Eugenol, Citral.', 'Rainbow Bar Eau de Parfum:', 'Alcohol Denat. (SD Alcohol 39C), Parfum (Fragrance) D-Limonene, Ethylhexyl Methoxycinnamate, Butyl Methoxydibenzoylmethane, Ethylhexyl Salicylate, Hexyl Cinnamal, Citronellol, Linalool, Coumarin, Eugenol, Citral, Isoeugenol, Geraniol.']",35.0
La Habana Eau de Parfum,19-69,"['Unisex/ Genderless Scent', 'Layerable Scent', 'Warm &Spicy Scent']","['Alcohol Denat. (SD Alcohol 39C), Parfum (Fragrance) Ethylhexyl Methoxycinnamate, Ethylhexyl Salicylate, Butyl Methoxydibenzoylmethane, Benzyl Alcohol, Benzyl Benzoate, Benzyl Cinnamate, Cinnamal, Citral, Coumarin Limonene, Eugenol, Alpha-Isomethyl Ionone, Linalool.']",195.0
Rainbow Bar Eau de Parfum,19-69,"['Unisex/ Genderless Scent', 'Layerable Scent', 'Woody & Earthy Scent']","['Alcohol Denat. (SD Alcohol 39C), Parfum (Fragrance) D-Limonene, Ethylhexyl Methoxycinnamate, Butyl Methoxydibenzoylmethane, Ethylhexyl Salicylate, Hexyl Cinnamal Citronellol, Linalool, Coumarin, Eugenol, Citral, Isoeugenol, Geraniol.']",195.0
Kasbah Eau de Parfum,19-69,"['Unisex/ Genderless Scent', 'Layerable Scent', 'Warm &Spicy Scent']","['Alcohol Denat. (SD Alcohol 39C), Parfum (Fragrance) Coumarin, Ethylhexyl Methoxycinnamate, Butyl Methoxydibenzoylmethane, Ethylhexyl Salicylate, D-Limonene, Eugenol, Linalool, Citronellol, Geraniol, Cinnamal, Citral.']",195.0
Purple Haze Eau de Parfum,19-69,"['Unisex/ Genderless Scent', 'Layerable Scent', 'Woody & Earthy Scent']","['Alcohol Denat. (SD Alcohol 39C), Parfum (Fragrance) Octoxynol-10, D-Limonene, Ethylhexyl Methoxycinnamate, Butyl Methoxydibenzoylmethane, Ethylhexyl Salicylate, Geraniol, Linalool, Coumarin, Farnesol, Eugenol, Citral.']",195.0
Kasbah Eau de Parfum Travel Spray,19-69,"['Warm &Spicy Scent', 'Unisex/ Genderless Scent', 'Layerable Scent']","['Alcohol Denat. (SD Alcohol 39C), Parfum (Fragrance) Coumarin, Ethylhexyl Methoxycinnamate,', 'Butyl Methoxydibenzoylmethane, Ethylhexyl Salicylate, D-Limonene, Eugenol, Linalool, Citronellol, Geraniol, Cinnamal, Citral.']",30.0
Purple Haze Eau de Parfum Travel Spray,19-69,"['Unisex/ Genderless Scent', 'Layerable Scent', 'Woody & Earthy Scent']","['Alcohol Denat. (SD Alcohol 39C), Parfum (Fragrance) Octoxynol-10, D-Limonene, Ethylhexyl Methoxycinnamate, Butyl Methoxydibenzoylmethane, Ethylhexyl Salicylate, Geraniol, Linalool, Coumarin, Farnesol, Eugenol, Citral.']",30.0
Invisible Post Eau de Parfum,19-69,"['Unisex/ Genderless Scent', 'allure 2022 Best of Beauty Award Winner', 'Fresh Scent']","['Alcohol Denat. (SD Alcohol 39C), Parfum (Fragrance) Ethylhexyl Methoxycinnamate, Ethylhexyl Salicylate, Butyl Methoxydibenzoylmethane, Benzyl Benzoate, Citral, Coumarin, Limonene, Alpha-Isomethyl Ionone, Linalool.']",195.0
Capri Eau de Parfum,19-69,"['Fresh Scent', 'Layerable Scent', 'Unisex/ Genderless Scent']","['Alcohol Denat. (SD Alcohol 39C), Parfum (Fragrance) D-Limonene, Linalool, Benzyl Salicylate, Ethylhexyl Methoxycinnamate, Butyl Methoxydibenzoylmethane, Ethylhexyl Salicylate,', 'Benzl Benzoate, Citral, Geraniol, Eugenol, Benzyl Alcohol, Farnesol, Citronellol, Isoeugenol.']",195.0
Invisible Post Eau de Parfum Travel Spray,19-69,"['Unisex/ Genderless Scent', 'allure 2022 Best of Beauty Award Winner', 'Fresh Scent']","['Alcohol Denat. (SD Alcohol 39C), Parfum (Fragrance) Ethylhexyl Methoxycinnamate, Ethylhexyl Salicylate, Butyl Methoxydibenzoylmethane, Benzyl Benzoate, Citral, Coumarin, Limonene, Alpha-Isomethyl Ionone, Linalool.']",30.0
Rainbow Bar Eau de Parfum Travel Spray,19-69,"['Unisex/ Genderless Scent', 'Layerable Scent', 'Woody & Earthy Scent']","['Alcohol Denat. (SD Alcohol 39C), Parfum (Fragrance) D-Limonene, Ethylhexyl Methoxycinnamate, Butyl Methoxydibenzoylmethane, Ethylhexyl Salicylate, Hexyl Cinnamal Citronellol, Linalool, Coumarin, Eugenol, Citral, Isoeugenol, Geraniol.']",30.0
Capri Eau de Parfum Travel Spray,19-69,"['Unisex/ Genderless Scent', 'Layerable Scent', 'Fresh Scent']","['Alcohol Denat. (SD Alcohol 39C), Parfum (Fragrance) D-Limonene, Linalool, Benzyl Salicylate,  Ethylhexyl Methoxycinnamate, Butyl Methoxydibenzoylmethane, Ethylhexyl Salicylate,', 'Benzl Benzoate, Citral, Geraniol, Eugenol, Benzyl Alcohol, Farnesol, Citronellol, Isoeugenol.']",30.0
L'air Barbes Eau de Parfum,19-69,"['Fresh Scent', 'Unisex/ Genderless Scent', 'Layerable Scent']","['Alcohol Denat. (SD Alcohol 39C), Parfum (Fragrance) Benzyl Salicylate, D-Limonene, Ethylhexyl Methoxycinnamate, Butyl Methoxydibenzoylmethane, Ethylhexyl Salicylate, Linalool Citral, Alphaisomethyl Ionone, Benzyl Benzoate, Geraniol Farnesol, Isoeugenol, Eugenol.']",195.0
L'air Barbes Eau de Parfum Travel Spray,19-69,"['Unisex/ Genderless Scent', 'Layerable Scent', 'Fresh Scent']","['Alcohol Denat. (SD Alcohol 39C), Parfum (Fragrance) Benzyl Salicylate, D-Limonene, Ethylhexyl Methoxycinnamate, Butyl Methoxydibenzoylmethane, Ethylhexyl Salicylate, Linalool Citral, Alphaisomethyl Ionone, Benzyl Benzoate, Geraniol Farnesol, Isoeugenol, Eugenol.']",30.0
AFRICAN Beauty Butter- Intensive Dry Skin Treatment,54 Thrones,"['Clean at Sephora', 'Hydrating', 'Good for: Dryness', 'Without Parabens', 'Without Sulfates SLS & SLES', 'Black Owned at Sephora']","['Butyrospermum Parkii (Shea Nilotica) Butter, Butyrospermum Parkii (Shea) Butter, Simmondsia Chinensis (Jojoba) Seed Oil, Adansonia Digitata (Baobab) Oil, Prunus Amygdalus Dulcis (Sweet Almond) Oil, Vitis Vinifera (Grape) Seed Oil, Persea gratissima (Avocado) Oil, Cocos nucifera (Coconut) oil, Vanilla Planifolia (Vanilla) Fruit Extract, Honey, *Tocopherol (mixed), *Beta-Sitosterol, *Squalane.']",38.0
African Beauty Butter Mini Gift Set,54 Thrones,"['Good for: Dryness', 'Clean at Sephora', 'Hydrating', 'Without Parabens', 'Without Sulfates SLS & SLES', 'Black Owned at Sephora']","['Egyptian Lavender + Moroccan Mint:', 'Butyrospermum Parkii (Shea Nilotica) Butter, Butyrospermum Parkii (Shea) Butter, Simmondsia Chinensis (Jojoba) Seed Oil, Adansonia Digitata (Baobab) Oil, Prunus Amygdalus Dulcis (Sweet Almond) Oil, Vitis Vinifera (Grape) Seed Oil, Persea Gratissima (Avocado) Oil, Lavandula Angustifolia (Lavender) Flower Oil, Mentha Piperita (Peppermint) Oil, *Tocopherol (Mixed), *Beta-Sitosterol, *Squalane.', 'Kenyan Hibiscus + Moroccan Rose:', 'Butyrospermum Parkii (Shea Nilotica) Butter, Butyrospermum Parkii (Shea) Butter, Simmondsia Chinensis (Jojoba) Seed Oil, Adansonia Digitata (Baobab) Oil, Prunus Amygdalus Dulcis (Sweet Almond) Oil, Vitis Vinifera (Grape) Seed Oil, Persea Gratissima (Avocado) Oil, Cocos Nucifera (Coconut) Oil, (Rose Absolute), Hibiscus Sabdariffa (Hibiscus) Seed Oil, *Tocopherol (Mixed), *Beta-Sitosterol, *Squalane.', 'Ugandan Vanilla + Ethiopian Honey:', 'Butyrospermum Parkii (Shea Nilotica) Butter, Butyrospermum Parkii (Shea) Butter, Simmondsia Chinensis (Jojoba) Seed Oil, Adansonia Digitata (Baobab) Oil, Prunus Amygdalus Dulcis (Sweet Almond) Oil, Vitis Vinifera (Grape) Seed Oil, Persea Gratissima (Avocado) Oil, Cocos Nucifera (Coconut) Oil, Vanilla Planifolia (Vanilla) Fruit Extract, Honey, *Tocopherol (Mixed), *Beta-Sitosterol, *Squalane.']",29.0
African Beauty Butter Collection Deluxe Tin,54 Thrones,"['Good for: Dryness', 'Clean at Sephora', 'Hydrating', 'Without Parabens', 'Without Sulfates SLS & SLES', 'Black Owned at Sephora']","['Egyptian Lavender + Moroccan Mint:', 'Butyrospermum Parkii (Shea Nilotica) Butter, Butyrospermum Parkii (Shea) Butter, Simmondsia Chinensis (Jojoba) Seed Oil, Adansonia Digitata (Baobab) Oil, Prunus Amygdalus Dulcis (Sweet Almond) Oil, Vitis Vinifera (Grape) Seed Oil, Persea Gratissima (Avocado) Oil, Lavandula Angustifolia (Lavender) Flower Oil, Mentha Piperita (Peppermint) Oil, *Tocopherol (Mixed), *Beta-Sitosterol, *Squalane.', 'Kenyan Hibiscus + Moroccan Rose:', 'Butyrospermum Parkii (Shea Nilotica) Butter, Butyrospermum Parkii (Shea) Butter, Simmondsia Chinensis (Jojoba) Seed Oil, Adansonia Digitata (Baobab) Oil, Prunus Amygdalus Dulcis (Sweet Almond) Oil, Vitis Vinifera (Grape) Seed Oil, Persea Gratissima (Avocado) Oil, Cocos Nucifera (Coconut) Oil, (Rose Absolute), Hibiscus Sabdariffa (Hibiscus) Seed Oil, *Tocopherol (Mixed), *Beta-Sitosterol, *Squalane.', 'Nigerian Lemongrass + South African Palmarosa:', 'Butyrospermum Parkii (Shea Nilotica) Butter, Butyrospermum Parkii (Shea) Butter, Simmondsia Chinensis (Jojoba) Seed Oil, Adansonia Digitata (Baobab) Oil, Prunus Amygdalus Dulcis (Sweet Almond) Oil, Vitis Vinifera (Grape) Seed Oil, Persea Gratissima (Avocado) Oil, Cymbopogon Schoenanthus (Lemongrass) Oil, Cymbopogon Martini (Palmarosa) Oil, *Tocopherol (Mixed), *Beta-Sitosterol, **Squalane.', 'Moroccan Blue Tansy + Egyptian Blue Chamomile:', 'Butyrospermum Parkii (Shea Nilotica) Butter, Butyrospermum Parkii (Shea) Butter, Simmondsia Chinensis (Jojoba) Seed Oil, Adansonia Digitata (Baobab) Oil, Prunus Amygdalus Dulcis (Sweet Almond) Oil, Vitis Vinifera (Grape) Seed Oil, Persea Gratissima (Avocado) Oil, Tanacetum Annum (Tansy) Essential Oil, Matricaria Recutita (Blue Chamomile Flower) Oil, *Tocopherol (Mixed), *Beta-Sitosterol, *Squalane.', 'Ugandan Vanilla + Ethiopian Honey:', 'Butyrospermum Parkii (Shea Nilotica) Butter, Butyrospermum Parkii (Shea) Butter, Simmondsia Chinensis (Jojoba) Seed Oil, Adansonia Digitata (Baobab) Oil, Prunus Amygdalus Dulcis (Sweet Almond) Oil, Vitis Vinifera (Grape) Seed Oil, Persea Gratissima (Avocado) Oil, Cocos Nucifera (Coconut) Oil, Vanilla Planifolia (Vanilla) Fruit Extract, Honey, *Tocopherol (Mixed), *Beta-Sitosterol, *Squalane.']",80.0
Mini AFRICAN Beauty Butter- Intensive Dry Skin Treatment,54 Thrones,"['Clean at Sephora', 'Hydrating', 'Good for: Dryness', 'Without Parabens', 'Without Sulfates SLS & SLES', 'Black Owned at Sephora']","['Butyrospermum Parkii (Shea Nilotica) Butter, Butyrospermum Parkii (Shea) Butter, Simmondsia Chinensis (Jojoba) Seed Oil, Adansonia Digitata (Baobab) Oil, Prunus Amygdalus Dulcis (Sweet Almond) Oil, Vitis Vinifera (Grape) Seed Oil, Persea Gratissima (Avocado) Oil, Cocos Nucifera (Coconut) Oil, Vanilla Planifolia (Vanilla) Fruit Extract, Honey, *Tocopherol (Mixed), *Beta-Sitosterol, *Squalane.']",12.0
ABBOTT Sampler Set,ABBOTT,"['Vegan', 'Woody & Earthy Scent', 'Clean + Planet Positive', 'Floral Scent', 'Fresh Scent', 'Cruelty-Free']","['Big Sky:', 'Water, Denatured Ethyl Alcohol, Fragrance, 1-(2,2,6-Trimethylcyclohexyl)Hexan-3-Ol, 4-(1-Ethoxyethenyl)-3,3,5,5-Tetramethylcyclohexan-1-One, Cedrus Atlantica Wood Oil, Dihydro Pentamethylindanone, Dipropylene Glycol, Ethylene Brassylate, Tetramethyl Acetyloctahydronaphthalenes.', 'Crescent Beach:', 'Water, Denatured Ethyl Alcohol, Fragrance, (10z)-1-Oxacycloheptadec-10-En-2-One, 1-Methyl-4-(4-Methylpent-3-Enyl)Cyclohex-3-Ene-1-Carbaldehyde, 2,4-Dimethyl-4,4a,5,9b-Tetrahydroindeno[1,2-D][1,3]Dioxine, Alpha-Isomethyl Ionone, Cyclamen Aldehyde, Dihydro Pentamethylindanone, Dimethylcyclohexylethoxy Isobutylpropanoate, Ethyl Linalool, Ethylene Brassylate, Ethylene Dodecanedioate, Isobutyl Methyl Tetrahydropyranol, Methyldihydrojasmonate, Methylenedioxyphenyl Methylpropanal, Phenethyl Alcohol.', 'Mojave:', 'Water, Denatured Ethyl Alcohol, Fragrance, (3r,3as,6s,7r,8as)-6-Methoxy-3,6,8,8-Tetramethyloctahydro-1h-3a,7-Methanoazulene, 1-(2,2,6-Trimethylcyclohexyl)Hexan-3-Ol, 6,6-Dimethoxy-2,5,5-Trimethylhex-2-Ene, Boswellia Carterii Oil, Canarium Luzonicum Gum Nonvolatiles, Citrus Aurantium Bergamia (Bergamot) Peel Oil, Citrus Limon (Lemon) Peel Oil, Dipropylene Glycol, Ethylene Brassylate, Juniperus Virginiana Wood Oil, Methyldihydrojasmonate, Piper Nigrum (Pepper) Fruit Oil, Tetramethyl Acetyloctahydronaphthalenes Dihydro Pentamethylindanone, Dipropylene Glycol, Ethylene Brassylate, Limonene, Linalyl Acetate, Methyldihydrojasmonate, Methylenedioxyphenyl Methylpropanal, Tetramethyl Acetyloctahydronaphthalenes.', 'Montecito:', 'Water, Denatured Ethyl Alcohol, Fragrance, (10z)-1-Oxacycloheptadec-10-En-2-One, (3r,3as,6s,7r,8as)-6-Methoxy-3,6,8,8-Tetramethyloctahydro-1h-3a,7-Methanoazulene, 1-(2,2,6-Trimethylcyclohexyl)Hexan-3-Ol, 4-(1-Ethoxyethenyl)-3,3,5,5-Tetramethylcyclohexan-1-One, 6,6-Dimethoxy-2,5,5-Trimethylhex-2-Ene, Citrus Aurantium Bergamia (Bergamot) Peel Oil, Citrus Nobilis (Mandarin Orange) Peel Oil, Citrus Paradisi (Grapefruit) Peel Oil, Dihydro Pentamethylindanone, Dipropylene Glycol, Ethylene Brassylate, Limonene, Linalyl Acetate, Methyldihydrojasmonate, Methylenedioxyphenyl Methylpropanal, Tetramethyl Acetyloctahydronaphthalenes.', 'Sequoia:', 'Water, Denatured Ethyl Alcohol, Fragrance, (3r-(3a,3ab,7b,8aa))-1-(2,3,4,7,8,8a-Hexahydro-3,6,8,8-Tetramethyl-1h-3a,7-Methanoazulen-5-Yl)Ethan-1-One, (4e)-3-Methyl-5-(2,2,3-Trimethylcyclopent-3-En-1-Yl)Pent-4-En-2-Ol, (Ethoxymethoxy)Cyclododecane, Juniperus Virginiana Wood Oil, Dihydro Pentamethylindanone, Dipropylene Glycol, Ethylene Brassylate, Linalyl Acetate, Methoxytrimethylheptanol, Methyldihydrojasmonate, Tetramethyl Acetyloctahydronaphthalenes, Trimethylcyclopentenyl Dimethylisopentenol.', 'The Cape:', 'Water, Denatured Ethyl Alcohol, Fragrance, (3r,3as,6s,7r,8as)-6-Methoxy-3,6,8,8-Tetramethyloctahydro-1h-3a,7-Methanoazulene, 2,6-Dimethyl-7-Octen-2-Ol, 2-T-Butylcyclohexyl Acetate, 6,6-Dimethoxy-2,5,5-Trimethylhex-2-Ene, Butylphenyl Methylpropional, Citronellol, Citrus Aurantium Dulcis (Orange) Peel Oil, Citrus Limon (Lemon) Peel Oil, Dihydro Pentamethylindanone, Dipropylene Glycol, Isobutyl Methyl Tetrahydropyranol, Linalool, Linalyl Acetate, Methyldihydrojasmonate, Methylenedioxyphenyl Methylpropanal, Pentadecalactone, Tetramethyl Acetyloctahydronaphthalenes, Vetiveria Zizanoides Root Oil.']",26.0
The Cape Perfume,ABBOTT,"['Clean + Planet Positive', 'Vegan', 'Cruelty-Free', 'Fresh Scent', 'Without Parabens', 'Without Phthalates']","['Water, Denatured Ethyl Alcohol, Fragrance, (3r,3as,6s,7r,8as)-6-Methoxy-3,6,8,8-Tetramethyloctahydro-1h-3a,7-Methanoazulene, 2,6-Dimethyl-7-Octen-2-Ol, 2-T-Butylcyclohexyl Acetate, 6,6-Dimethoxy-2,5,5-Trimethylhex-2-Ene, Butylphenyl Methylpropional, Citronellol, Citrus Aurantium Dulcis (Orange) Peel Oil, Citrus Limon (Lemon) Peel Oil, Dihydro Pentamethylindanone, Dipropylene Glycol, Isobutyl Methyl Tetrahydropyranol, Linalool, Linalyl Acetate, Methyldihydrojasmonate, Methylenedioxyphenyl Methylpropanal, Pentadecalactone, Tetramethyl Acetyloctahydronaphthalenes, Vetiveria Zizanoides Root Oil.']",84.0
Crescent Beach Perfume Travel Spray,ABBOTT,"['Vegan', 'Clean + Planet Positive', 'Fresh Scent', 'Without Phthalates', 'Without Parabens', 'Cruelty-Free']",,29.0
Crescent Beach Perfume,ABBOTT,"['Vegan', 'Clean + Planet Positive', 'Fresh Scent', 'Without Phthalates', 'Without Parabens', 'Cruelty-Free']","['Water, Denatured ethyl alcohol, Fragrance, (10z)-1-oxacycloheptadec-10-en-2-one, 1-methyl-4-(4-methylpent-3-enyl)cyclohex-3-ene-1-carbaldehyde, 2,4-dimethyl-4,4a,5,9b-tetrahydroindeno[1,2-d][1,3]dioxine, Alpha-isomethyl ionone, Cyclamen aldehyde, Dihydro pentamethylindanone, Dimethylcyclohexylethoxy isobutylpropanoate, Ethyl linalool, Ethylene brassylate, Ethylene dodecanedioate, Isobutyl methyl tetrahydropyranol, Methyldihydrojasmonate, Methylenedioxyphenyl methylpropanal, Phenethyl alcohol.']",84.0
Seqouia Eau de Parfum Travel Spray,ABBOTT,"['Vegan', 'Woody & Earthy Scent', 'Clean + Planet Positive', 'Without Phthalates', 'Without Parabens', 'Cruelty-Free']",,29.0
Sequoia Perfume,ABBOTT,"['Clean + Planet Positive', 'Vegan', 'Cruelty-Free', 'Woody & Earthy Scent', 'Without Parabens', 'Without Phthalates']","['Water, Denatured Ethyl Alcohol, Fragrance, (3r-(3a,3ab,7b,8aa))-1-(2,3,4,7,8,8a-Hexahydro-3,6,8,8-Tetramethyl-1h-3a,7-Methanoazulen-5-Yl)Ethan-1-One, (4e)-3-Methyl-5-(2,2,3-Trimethylcyclopent-3-En-1-Yl)Pent-4-En-2-Ol, (Ethoxymethoxy)Cyclododecane, Juniperus Virginiana Wood Oil, Dihydro Pentamethylindanone, Dipropylene Glycol, Ethylene Brassylate, Linalyl Acetate, Methoxytrimethylheptanol, Methyldihydrojasmonate, Tetramethyl Acetyloctahydronaphthalenes, Trimethylcyclopentenyl Dimethylisopentenol.']",84.0
Mojave Perfume Travel Spray,ABBOTT,"['Vegan', 'Woody & Earthy Scent', 'Clean + Planet Positive', 'Without Phthalates', 'Without Parabens', 'Cruelty-Free']",,29.0
The Cape Perfume Travel Spray,ABBOTT,"['Vegan', 'Clean + Planet Positive', 'Fresh Scent', 'Without Phthalates', 'Without Parabens', 'Cruelty-Free']",,29.0
Big Sky Eau de Parfum Travel Spray,ABBOTT,"['Vegan', 'Woody & Earthy Scent', 'Clean + Planet Positive', 'Without Phthalates', 'Without Parabens', 'Cruelty-Free']","['Water, Denatured ethyl alcohol, Fragrance, 1-(2,2,6-trimethylcyclohexyl)hexan-3-ol, 4-(1-ethoxyethenyl)-3,3,5,5-tetramethylcyclohexan-1-one, Cedrus atlantica wood oil, Dihydro pentamethylindanone, Dipropylene glycol, Ethylene brassylate, Tetramethyl acetyloctahydronaphthalenes.']",28.0
Big Sky Eau de Parfum,ABBOTT,"['Clean + Planet Positive', 'Vegan', 'Cruelty-Free', 'Woody & Earthy Scent', 'Without Parabens', 'Without Phthalates']","['Water, Denatured ethyl alcohol, Fragrance, 1-(2,2,6-trimethylcyclohexyl)hexan-3-ol, 4-(1-ethoxyethenyl)-3,3,5,5-tetramethylcyclohexan-1-one, Cedrus atlantica wood oil, Dihydro pentamethylindanone, Dipropylene glycol, Ethylene brassylate, Tetramethyl acetyloctahydronaphthalenes.']",84.0
Montecito Perfume Travel Spray,ABBOTT,"['Vegan', 'Woody & Earthy Scent', 'Clean + Planet Positive', 'Without Phthalates', 'Without Parabens', 'Cruelty-Free']",,29.0
Montecito Perfume,ABBOTT,"['Clean + Planet Positive', 'Vegan', 'Cruelty-Free', 'Woody & Earthy Scent', 'Without Parabens', 'Without Phthalates']","['Water, Denatured ethyl alcohol, Fragrance, (10z)-1-oxacycloheptadec-10-en-2-one, (3r,3as,6s,7r,8as)-6-methoxy-3,6,8,8-tetramethyloctahydro-1h-3a,7-methanoazulene, 1-(2,2,6-trimethylcyclohexyl)hexan-3-ol, 4-(1-ethoxyethenyl)-3,3,5,5-tetramethylcyclohexan-1-one, 6,6-dimethoxy-2,5,5-trimethylhex-2-ene, Citrus aurantium bergamia (bergamot) peel oil, Citrus nobilis (mandarin orange) peel oil, Citrus paradisi (grapefruit) peel oil, Dihydro pentamethylindanone, Dipropylene glycol, Ethylene brassylate, Limonene, Linalyl acetate, Methyldihydrojasmonate, Methylenedioxyphenyl methylpropanal, Tetramethyl acetyloctahydronaphthalenes.']",84.0
Mojave Perfume,ABBOTT,"['Woody & Earthy Scent', 'Clean + Planet Positive', 'Vegan', 'Cruelty-Free', 'Without Parabens', 'Without Phthalates']","['Water, Denatured ethyl alcohol, Fragrance, (3r,3as,6s,7r,8as)-6-methoxy-3,6,8,8-tetramethyloctahydro-1h-3a,7-methanoazulene, 1-(2,2,6-trimethylcyclohexyl)hexan-3-ol, 6,6-dimethoxy-2,5,5-trimethylhex-2-ene, Boswellia carterii oil, Canarium luzonicum gum nonvolatiles, Citrus aurantium bergamia (bergamot) peel oil, Citrus limon (lemon) peel oil, Dipropylene glycol, Ethylene brassylate, Juniperus virginiana wood oil, methyldihydrojasmonate, Piper nigrum (pepper) fruit oil, Tetramethyl acetyloctahydronaphthalenes Dihydro pentamethylindanone, Dipropylene glycol, Ethylene brassylate, Limonene, Linalyl acetate, Methyldihydrojasmonate, Methylenedioxyphenyl methylpropanal, Tetramethyl acetyloctahydronaphthalenes.']",84.0
Blu Mediterraneo Mini Eau de Toilette Set,Acqua di Parma,"['Unisex/ Genderless Scent', 'Fresh Scent']","['Arancia di Capri Eau de Toilette:', 'Alcohol Denat., Water, Fragrance, Limonene, Linalool, Ethylhexyl Methoxycinnamate, Citral, Butyl Methoxydibenzoylmethane, Ethylhexyl Salicylate, BHT, Geraniol, Benzyl Alcohol, Citronellol, Tocopherol.', 'Bergamotto di Calabria Eau de Toilette:', 'Alcohol Denat., Fragrance, Water, Limonene, Ethylhexyl Methoxycinnamate, Linalool, Citral, Butyl Methoxydibenzoylmethane, Ethylhexyl Salicylate, Alpha-Isomethyl Ionone, Bht, Citronellol, Geraniol.', 'Fico di Amalfi Eau de Toilette:', 'Alcohol Denat., Fragrance, Water, Limonene, Ethylhexyl Methoxycinnamate, Linalool, Alpha-Isomethyl Ionone, Hexyl Cinnamal, Butyl Methoxydibenzoylmethane, Ethylhexylsalicylate, Bht, Citronellol, Hydroxycitronellal, Coumarin, Citral, Geraniol, Amyl Cinnamal, Benzyl Salicylate, Butylphenyl Methylpropional, Benzyl Alcohol, Eugenol, Benzyl Benzoate, Disodium EDTA.', 'Mirto di Panarea Eau de Toilette:', 'Alcohol Denat., Fragrance, Water, Limonene, Linalool, Butylphenyl Methylpropional, Hexyl Cinnamal, Citronellol, Ethylhexyl Methoxycinnamate, Citral, Butyl Methoxydibenzoylmethane, Ethylhexyl Salicylate, Bht, Coumarin, Geraniol, Eugenol, Amyl Cinnamal.', 'Chinotto di Liguria Eau de Toilette:', 'Alcohol Denat., Water, Fragrance, Limonene, Linalool, Hexyl Cinnamal, Alpha-Isomethyl Ionone, Coumarin, Citral, Eugenol, Geraniol, Bht, Hydroxycitronellal, Citronellol, Benzyl Alcohol, Tocopherol.']",77.0
Mirto di Panarea,Acqua di Parma,"['Unisex/ Genderless Scent', 'Fresh Scent']","['Alcohol Denat., Aqua (Water), Parfum (Fragrance), Limonene, Linalool, Hexyl Cinnamal, Citronellol, Ethylhexyl Methoxycinnamate, Citral, Butyl Methoxydibenzoylmethane, Ethylhexyl Salicylate, Coumarin, Geraniol, Bht, Eugenol, Tocopherol.']",84.0
Arancia di Capri,Acqua di Parma,"['Unisex/ Genderless Scent', 'Fresh Scent']",,84.0
Colonia,Acqua di Parma,"['Unisex/ Genderless Scent', 'Fresh Scent']","['Alcohol Denat., Aqua (Water), Parfum (Fragrance), Limonene, Hydroxycitronellal, Linalool, Citral, Benzyl Salicylate, Coumarin, Eugenol, Alpha-Isomethyl Ionone, Geraniol, Amyl Cinnamal, Evernia Prunastri (Oakmoss) Extract, Citronellol, Benzyl Benzoate, Bht, Benzyl Alcohol, Farnesol.']",181.0
Magnolia Nobile,Acqua di Parma,,,210.0
Yuzu Eau de Parfum,Acqua di Parma,,"['Alcohol Denat., Aqua (Water), Parfum (Fragrance), Limonene, Ethylhexyl Methoxycinnamate, Alpha-Isomethyl Ionone, Benzyl Salicylate, Linalool, Hexyl Cinnamal, Hydroxycitronellal, Butyl Methoxydibenzoylmethane,  Ethylhexyl Salicylate, Citral, Bht, Geraniol, Citronellol, Tocopherol.']",135.0
Oud Eau de Parfum,Acqua di Parma,,"['Alcohol Denat., Fragrance, Water, Linalool, Limonene, Hexylcinnamal, Alpha-Isomethylionone, Citronellol, Hydroxycitronellal, Bht, Eugenol, Geraniol, Methyl2-Octynoate, Citral, Benzylalcohol, Tocopherol.']",295.0
Colonia Essenza,Acqua di Parma,,"['Alcohol Denat., Water, Fragrance, Limonene, Hydroxycitronellal, Linalool, Ethylhexylmethoxycinnamate, Benzylsalicylate, Citral, Coumarin, Butylmethoxydibenzoylmethane, Ethylhexylsalicylate, Eugenol, Bht, Alpha-Isomethylionone, Geraniol, Benzylbenzoate, Amylcinnamal, Everniaprunastri (Oakmoss) Extract, Farnesol, Citronellol.']",130.0
Buongiorno Diffuser,Acqua di Parma,,,112.0
Colonia Alcohol-Free Deodorant,Acqua di Parma,"['Stick Formula', 'Fresh Scent', 'Alcohol Free']","['Aqua (Water), Butylene Glycol, Glycerin, Sodium Stearate, Laureth-23, Parfum (Fragrance), Nylon-12, Ethylhexylglycerin, Limonene, Hydroxycitronellal, Linalool, Citral, Eugenol, Coumarin, Benzyl Alcohol, Benzyl Salicylate, Sodium Hydroxide, Amyl Cinnamal, Geraniol, Bht, Alpha-Isomethyl Ionone, Citronellol, Tocopherol.']",55.0
Colonia Pura,Acqua di Parma,,"['Alcohol Denat., Water, Fragrance, Limonene, Hexylcinnamal, Linalool, Alpha-Isomethylionone, Citral, Coumarin, Bht, Geraniol, Citronellol, Tocopherol.']",130.0
Arancia di Capri Candle,Acqua di Parma,,,82.0
Fico di Amalfi Candle,Acqua di Parma,,,82.0
Aperitivo In Terrazza Diffuser,Acqua di Parma,,,112.0
Luce di Colonia Diffuser,Acqua di Parma,,,112.0
Baomint Deep Conditioning Treatment,adwoa beauty,"['Vegan', 'Clean at Sephora', 'All Hair Types', 'Coily Hair', 'Without Silicones', 'Good for: Flaky/Dry Scalp']","['Water (Aqua), Butyrospermum Parkii (Shea Butter), Cocos Nucifera (Coconut) Oil, Behentrimonium Methosulfate, Cetearyl Alcohol, Cetyl Alcohol, Glycerin, Glyceryl Stearate, Adansonia Digitata (Baobab) Oil, Prunus Amygdalus Dulcis (Sweet Almond) Oil, Opuntia Ficus Indica (Prickly Pear) SeedOil, Cetyl Esters, Hydrolyzed Wheat Protein, Centrimonium Chloride, Biotin, Guar Hydroxypropyltrimonium Chloride, Cucurbita Pepo (Pumpkin) Seed Oil, Phthalates Free Fragrance, Caprylyl Glycol, Phenoxyethanol, Gaultheria Procumbens (Wintergreen) Oil, Mentha Piperita (Peppermint) Oil, Mentha Viridis (Spearmint) Leaf Oil, Quaternium-80, Lavandula (Lavender) Spica Oil, Rosmarinus Officinalis (Rosemary) Leaf Oil, Menthol, Urtica Dioica (Nettle) Extract.']",39.0
Blue Tansy Reparative Mask,adwoa beauty,"['Good for: Damage', 'Good for: Color Care', 'Clean at Sephora', 'All Hair Types', 'Good for: Frizz', 'Without Silicones']","['Water (Aqua), Behentrimonium Methosulfate, Cetearyl Alcohol, Butyrospermum Parkii (Shea) Butter, Cetyl Alcohol, Glycerin, Cetrimonium Chloride, Ricinus Communis (Castor) Seed Oil, Vitis Vinifera (Grape) Seed Oil, Glyceryl Stearate, Diheptyl Succinate, Capryloyl Glycerin/Sebacic Acid Copolymer, Cetyl Esters, Moroccan Lava (Rhassoul) Clay, Hydrolyzed Quinoa Protein, Tanacetum Annuum (Blue Tansy) Flower Oil, Ulmus Rubra (Slippery Elm) Extract, Bambusa Vulgaris (Bamboo) Extract, Fragrance (Parfum), Macrocystis Pyrifera (Sea Kelp) Extract, Equisetum Arvense (Horsetail) Extract, Urtica Dioica (Nettle) Extract, Mangifera Indica (Mango) Seed Butter, Adansonia Digitata (Baobab) Seed Oil, Simmondsia Chinensis (Jojoba) Seed Oil, Tocopheryl Acetate (Vitamin E), Arthrospira Platensis (Spirulina) Powder, Caprylyl Glycol, Phenoxyethanol.']",40.0
Baomint Leave In Conditioning Styler,adwoa beauty,"['Clean at Sephora', 'All Hair Types', 'Curl-Enhancing', 'Coily Hair', 'Without Parabens']","['Water (Aqua), Behentrimonium Methosulfate, Cetearyl Alcohol, Adansonia Digitata (Baobab) Oil, Prunus Amygdalus Dulcis (Sweet Almond) Oil, Cetyl Alcohol, Butyrospermum Parkii (Shea Butter), Aloe Barbadensis Leaf Juice, Glycerin, Opuntia Ficus Indica (Prickly Pear) SeedOil, Caprylic/Capric Triglyceride (Fractionated Coconut Oil), Gaultheria Procumbens (Wintergreen) Oil, Mentha Piperita (Peppermint) Oil, Rosmarinus Officinalis (Rosemary) Leaf Oil, Guar Hydroxypropyltrimonium Chloride, Lavandula Spica (Lavender) Oil, Urtica Dioica (Nettle) Extract, Cucurbita Pepo (Pumpkin) Seed Oil, Phthalates Free Fragrance, Tocopheryl Acetate, Dehydroacetic Acid, Benzyl Alcohol, Silk Amino Acids, Vanilla Tahitensis (Vanilla) Fruit Oil.']",26.0
Blue Tansy Leave in Conditioning Styler,adwoa beauty,"['Good for: Damage', 'Vegan', 'Clean at Sephora', 'All Hair Types', 'Without Silicones', 'Increases Shine']","['Water (Aqua), Behentrimonium Methosulfate, Cetearyl Alcohol, Caprylic/Capric Triglyceride, Ricinus Communis (Castor) Seed Oil, Butyrospermum Parkii (Shea Butter), Glycerin, Aloe Barbadensis Leaf Juice, Cetrimonium Chloride, Cetyl Alcohol, Simmondsia Chinensis (Jojoba) Seed Oil, Tanacetum Annuum (Blue Tansy) Flower Oil, Bamboo Extract, Hydrolyzed Quinoa, Macrocystis pyrifera (Sea Kelp) extract, Ulmus rubra (slippery Elm) Extract, Equisetum Arvense (Horsetail) Extract, Adansonia Digitata (Baobab) Oil, Mangifera Indica (Mango) Seed Butter, Tocopheryl Acetate (Vitamin E), Fragrance, Guar Hydroxypropyltrimonium Chloride, Dehydroacetic Acid, Benzyl Alcohol.']",26.0
Baomint Moisturizing Shampoo,adwoa beauty,"['Unisex/ Genderless Scent', 'Clean at Sephora', 'Coily Hair', 'Curly Hair', 'Without Sulfates SLS & SLES', 'Good for: Flaky/Dry Scalp']","['Water (Aqua), Aloe Barbadensis Leaf Juice, Cocamidopropyl Betaine, Sodium Cocoyl Isethionate, Lauryl Glucoside, Sodium Lauroyl Lactylate, Glycerin, Adansonia Digitata (Baobab) Oil, Ricinus Communis (Jamaican Black Castor) Seed Oil, Prunus Amygdalus Dulcis (Sweet Almond) Oil, Phthalates Free Fragrance, Gaultheria Procumbens (Wintergreen) Oil, Mentha Piperita (Peppermint) Oil, Mentha Viridis (Spearmint) Leaf Oil, Hydroxyethylcellulose, Polyquaternium-10, Dehydroacetic Acid, Benzyl Alcohol, Guar Hydroxypropyltrimonium Chloride, Opuntia Ficus Indica (Prickly Pear) SeedOil, Cucurbita Pepo (Pumpkin) Seed Oil, Lavandula (Lavender) Spica Oil, Rosmarinus Officinalis (Rosemary) Leaf Oil, Menthol, Urtica Dioica (Nettle) Extract, Citric Acid.']",24.0
Blue Tansy Clarifying Gel Shampoo,adwoa beauty,"['Clean at Sephora', 'All Hair Types', 'Without Silicones', 'Without Sulfates SLS & SLES', 'Increases Shine', 'Good for: Oily Scalp']","['Water (Aqua), Sodium C14-16 Olefin Sulfonate, Cocamidopropyl Betaine, Decyl Glucoside, Glycerin, Cocamide DIPA, Polyquaternium-7, Simmondsia Chinensis (Jojoba) Seed Oil, Tanacetum Annuum (Blue Tansy) Flower Oil, Ulmus Rubra (Slippery Elm) Extract, Bambusa Vulgaris (Bamboo) Extract, Polyquaternium-10, Hydrolyzed Quinoa Protein, Fragrance (Parfum), Macrocystis Pyrifera (Sea Kelp) Extract, Cetrimonium Chloride, Equisetum Arvense (Horsetail) Extract, Tocopheryl Acetate (Vitamin E), Phenoxyethanol, Caprylyl Glycol, Panthenol, Citric Acid.']",25.0
Melonberry Hair Milk Leave-In Conditioner,adwoa beauty,"['Clean at Sephora', 'All Hair Types', 'Good for: Frizz', 'Good for: Dryness', 'Without Sulfates SLS & SLES', 'Increases Shine']","['Water (Aqua), Quaternium-91, Behentrimonium Chloride, Myristyl Myristate, Cetearyl Alcohol, Aloe Barbadensis Leaf Juice, Cetrimonium Chloride, Diheptyl Succinate, Capryloyl Glycerin/Sebacic Acid Copolymer, Simmondsia Chinensis (Jojoba) Seed Oil, Persea Gratissima (Avocado) Oil, Olea Europaea (Olive) Fruit Oil, Argania Spinosa Kernel Oil, Fragaria Ananassa (Strawberry) Seed Oil, Rubus Idaeus (Raspberry) Seed Oil, Citrullus Lanatus (Watermelon) Seed Oil, Dehydroacetic Acid, Benzyl Alcohol, Fragrance (Parfum), Panthenol, Hibiscus Sabdariffa Flower Powder.']",24.0
Baomint Protect + Shine Oil Blend,adwoa beauty,"['Clean at Sephora', 'All Hair Types', 'Curly Hair', 'UV Protection', 'Increases Shine', 'Good for: Flaky/Dry Scalp']","['Glycine Soja (Soybean) Oil, Vitis Vinifera (Grape) Seed Oil, Olea Europaea (Olive) Oil, Caprylic/Capric Triglyceride (Fractionated Coconut Oil), Prunus Amygdalus Dulcis (Sweet Almond) Oil, Helianthus Annuus (Sunflower) Seed Oil, Adansonia Digitata (Baobab) Oil, Punica Granatum (Pomegranate)Seed Oil, Fragrance, Tocopheryl Acetate, Melaleuca Alternifolia (Tea Tree) Leaf Oil, Gaultheria Procumbens (Wintergreen) Oil, Mentha Piperita (Peppermint) Oil, Mentha Viridis (Spearmint) Leaf Oil, Lavandula (Lavender) Spica Oil, Rosmarinus Officinalis (Rosemary) Leaf Oil, Menthol, Cymbopogon Schoenanthus (Lemongrass) Oil.']",24.0
Baomint Moisturizing Curl Defining Cream,adwoa beauty,"['Clean at Sephora', 'Good for: Volume', 'All Hair Types', 'Curl-Enhancing', 'Coily Hair', 'Strong Hold']","['Water (Aqua), Behentrimonium Methosulfate, Cetearyl Alcohol, Butyrospermum Parkii (Shea Butter), Beeswax, Prunus Amygdalus Dulcis (Sweet Almond) Oil, Adansonia Digitata (Baobab) Oil, Honey, Glycerin, Glyceryl Stearate, Phthalates Free Fragrance, Opuntia Ficus Indica (Prickly Pear) SeedOil, Silk Amino Acids, Tocopheryl Acetate, Dehydroacetic Acid, Benzyl Alcohol, Gaultheria Procumbens (Wintergreen) Oil, Mentha Piperita (Peppermint) Oil, Mentha Viridis (Spearmint) Leaf Oil, Lavandula (Lavender) Spica Oil, Rosmarinus Officinalis (Rosemary) Leaf Oil, Urtica Dioica (Nettle) Extract, Vanilla Tahitensis (Vanilla) Fruit Oil.']",32.0
Blue Tansy Treatment Serum,adwoa beauty,"['Heat Protection', 'Clean at Sephora', 'All Hair Types', 'Good for: Frizz', 'Without Silicones', 'Increases Shine']","['Caprylic/Capric Triglyceride, Vitis Vinifera (Grape) Seed Oil, Agania Spinos (Argan) Kernel Oil, Ricinus Communis (Castor) Seed Oil, Simmondsia Chinensis (Jojoba) Seed Oil, Diheptyl Succinate, Capryloyl Glycerin/Sebacic Acid Copolymer, Tanacetum Annuum (Blue Tansy) Flower Oil, Tocopheryl Acetate (Vitamin E), Fragrance (Parfum).']",36.0
Baomint Moisturizing Curl Defining Gel,adwoa beauty,"['allure 2020 Best of Beauty Award Winner', 'Clean at Sephora', 'Curl-Enhancing', 'Coily Hair', 'Curly Hair', 'Strong Hold']","['Water (Aqua), Glycerin, Prunus Amygdalus Dulcis (Sweet Almond) Oil, Adansonia Digitata (Baobab) Oil, Caprylic/Capric Triglyceride (Fractionated Coconut Oil), Butyrospermum Parkii (Shea Butter), Opuntia Ficus Indica (Prickly Pear) SeedOil, Phthalates Free Fragrance, Cucurbita Pepo (Pumpkin) Seed Oil, Acrylates Copolymer, Polyquaternium,-11, Xanthan Gum, Dehydroacetic Acid, Benzyl Alcohol, Carbomer, Aminomethyl Propanol, Lavandula (Lavender) Spica Oil, Gaultheria Procumbens (Wintergreen) Oil, Mentha Viridis (Spearmint) Leaf Oil, Mentha Piperita (Peppermint) Oil, Rosmarinus Officinalis (Rosemary) Leaf Oil, Urtica Dioica (Nettle) Extract.']",32.0
Blue Tansy Reparative Conditioner,adwoa beauty,"['Good for: Damage', 'Good for: Color Care', 'Clean at Sephora', 'All Hair Types', 'Without Silicones', 'Increases Shine']","['Water, Glycerin, Stearyl Alcohol, Cetearyl Alcohol, Polysorbate-60, Behentrimonium Methosulfate, Cetyl Alcohol, Persea Gratissima (Avocado) Oil, Butyrospermum Parkii (Shea Butter), Simmondsia Chinensis (Jojoba) Seed Oil, Tanacetum Annuum (Blue Tansy) Flower Oil, Ulmus Rubra (Slippery Elm) Extract, Bambusa Vulgaris (Bamboo) Extract, Mauritia Flexuosa (Buriti Seed) Oil, Argania Spinosa Kernel (Argan) Oil, Ricinus Communis (Castor) Seed Oil, Althaea Officinalis (Marshmallow) Root Extract, Hydrolyzed Quinoa Protein, Fragrance (Parfum), Macrocystis Pyrifera (Sea Kelp) Extract, Equisetum Arvense (Horsetail) Extract, Tocopheryl Acetate (Vitamin E), Guar Hydroxypropyltrimonium Chloride, Cetrimonium Chloride, Phenoxyethanol, Caprylyl Glycol, Arthrospira Platensis (Spirulina) Powder, Citric Acid.']",25.0
Mini Baomint Deep Conditioning Treatment,adwoa beauty,"['Vegan', 'Clean at Sephora', 'All Hair Types', 'Coily Hair', 'Without Silicones', 'Good for: Flaky/Dry Scalp']","['Water (Aqua), Butyrospermum Parkii (Shea Butter), Cocos Nucifera (Coconut) Oil, Behentrimonium Methosulfate, Cetearyl Alcohol, Cetyl Alcohol, Glycerin, Glyceryl Stearate, Adansonia Digitata (Baobab) Oil, Prunus Amygdalus Dulcis (Sweet Almond) Oil, Opuntia Ficus Indica (Prickly Pear) SeedOil, Cetyl Esters, Hydrolyzed Wheat Protein, Centrimonium Chloride, Biotin, Guar Hydroxypropyltrimonium Chloride, Cucurbita Pepo (Pumpkin) Seed Oil, Phthalates Free Fragrance, Caprylyl Glycol, Phenoxyethanol, Gaultheria Procumbens (Wintergreen) Oil, Mentha Piperita (Peppermint) Oil, Mentha Viridis (Spearmint) Leaf Oil, Quaternium-80, Lavandula (Lavender) Spica Oil, Rosmarinus Officinalis (Rosemary) Leaf Oil, Menthol, Urtica Dioica (Nettle) Extract.']",15.0
Mini Baomint Deluxe Travel Kit,adwoa beauty,"['Hydrating', 'Good for: Frizz', 'Good for: Dryness', 'Increases Shine', 'Good for: Flaky/Dry Scalp']","['Baomint Moisturizing Shampoo:', 'Water (Aqua), Aloe Barbadensis Leaf Juice, Cocamidopropyl Betaine, Sodium Cocoyl Isethionate, Lauryl Glucoside, Sodium Lauroyl Lactylate, Glycerin, Adansonia Digitata (Baobab) Oil, Ricinus Communis (Jamaican Black Castor) Seed Oil, Prunus Amygdalus Dulcis (Sweet Almond) Oil, Phthalate-Free Fragrance, Gaultheria Procumbens (Wintergreen) Oil, Mentha Piperita (Peppermint) Oil, Mentha Viridis (Spearmint) Leaf Oil, Hydroxyethylcellulose, Polyquaternium-10, Dehydroacetic Acid, Benzyl Alcohol, Guar Hydroxypropyltrimonium Chloride, Opuntia Ficus Indica (Prickly Pear) Seed Oil, Cucurbita Pepo (Pumpkin) Seed Oil, Lavandula (Lavender) Spica Oil, Rosmarinus Officinalis (Rosemary) Leaf Oil, Menthol, Urtica Dioica (Nettle) Extract, Citric Acid.', 'Baomint Deep Conditioning Treatment:', 'Water (Aqua), Butyrospermum Parkii (Shea Butter), Cocos Nucifera (Coconut) Oil, Behentrimonium Methosulfate, Cetearyl Alcohol, Cetyl Alcohol, Glycerin, Glyceryl Stearate, Adansonia Digitata (Baobab) Oil, Prunus Amygdalus Dulcis (Sweet Almond) Oil, Opuntia Ficus Indica (Prickly Pear) Seed Oil, Cetyl Esters, Hydrolyzed Wheat Protein, Centrimonium Chloride, Biotin, Guar Hydroxypropyltrimonium Chloride, Cucurbita Pepo (Pumpkin) Seed Oil, Phthalate-Free Fragrance, Caprylyl Glycol, Phenoxyethanol, Gaultheria Procumbens (Wintergreen) Oil, Mentha Piperita (Peppermint) Oil, Mentha Viridis (Spearmint) Leaf Oil, Quaternium-80, Lavandula (Lavender) Spica Oil, Rosmarinus Officinalis (Rosemary) Leaf Oil, Menthol, Urtica Dioica (Nettle) Extract.', 'Baomint Leave In Conditioning Styler:', 'Water (Aqua), Behentrimonium Methosulfate, Cetearyl Alcohol, Adansonia Digitata (Baobab) Oil, Prunus Amygdalus Dulcis (Sweet Almond) Oil, Cetyl Alcohol, Butyrospermum Parkii (Shea Butter), Aloe Barbadensis Leaf Juice, Glycerin, Opuntia Ficus Indica (Prickly Pear) SeedOil, Caprylic/Capric Triglyceride (Fractionated Coconut Oil), Gaultheria Procumbens (Wintergreen) Oil, Mentha Piperita (Peppermint) Oil, Rosmarinus Officinalis (Rosemary) Leaf Oil, Guar Hydroxypropyltrimonium Chloride, Lavandula Spica (Lavender) Oil, Urtica Dioica (Nettle) Extract, Cucurbita Pepo (Pumpkin) Seed Oil, Phthalate-Free Fragrance, Tocopheryl Acetate, Dehydroacetic Acid, Benzyl Alcohol, Silk Amino Acids, Vanilla Tahitensis (Vanilla) Fruit Oil.', 'Baomint Moisturizing Curl Defining Cream:', 'Water (Aqua), Behentrimonium Methosulfate, Cetearyl Alcohol, Butyrospermum Parkii (Shea Butter), Beeswax, Prunus Amygdalus Dulcis (Sweet Almond) Oil, Adansonia Digitata (Baobab) Oil, Honey, Glycerin, Glyceryl Stearate, Phthalate-Free Fragrance, Opuntia Ficus Indica (Prickly Pear) Seed Oil, Silk Amino Acids, Tocopheryl Acetate, Dehydroacetic Acid, Benzyl Alcohol, Gaultheria Procumbens (Wintergreen) Oil, Mentha Piperita (Peppermint) Oil, Mentha Viridis (Spearmint) Leaf Oil, Lavandula (Lavender) Spica Oil, Rosmarinus Officinalis (Rosemary) Leaf Oil, Urtica Dioica (Nettle) Extract, Vanilla Tahitensis (Vanilla) Fruit Oil.', 'Baomint Moisturizing Curl Defining Gel:', 'Water (Aqua), Glycerin, Prunus Amygdalus Dulcis (Sweet Almond) Oil, Adansonia Digitata (Baobab) Oil, Caprylic/Capric Triglyceride (Fractionated Coconut Oil), Butyrospermum Parkii (Shea Butter), Opuntia Ficus Indica (Prickly Pear) Seed Oil, Phthalate-Free Fragrance, Cucurbita Pepo (Pumpkin) Seed Oil, Acrylates Copolymer, Polyquaternium,-11, Xanthan Gum, Dehydroacetic Acid, Benzyl Alcohol, Carbomer, Aminomethyl Propanol, Lavandula (Lavender) Spica Oil, Gaultheria Procumbens (Wintergreen) Oil, Mentha Viridis (Spearmint) Leaf Oil, Mentha Piperita (Peppermint) Oil, Rosmarinus Officinalis (Rosemary) Leaf Oil, Urtica Dioica (Nettle) Extract.', 'Baomint Protect + Shine Oil Blend:', 'Glycine Soja (Soybean) Oil, Vitis Vinifera (Grape) Seed Oil, Olea Europaea (Olive) Oil, Caprylic/Capric Triglyceride (Fractionated Coconut Oil), Prunus Amygdalus Dulcis (Sweet Almond) Oil, Helianthus Annuus (Sunflower) Seed Oil, Adansonia Digitata (Baobab) Oil, Punica Granatum (Pomegranate) Seed Oil, Fragrance, Tocopheryl Acetate, Melaleuca Alternifolia (Tea Tree) Leaf Oil, Gaultheria Procumbens (Wintergreen) Oil, Mentha Piperita (Peppermint) Oil, Mentha Viridis (Spearmint) Leaf Oil, Lavandula (Lavender) Spica Oil, Rosmarinus Officinalis (Rosemary) Leaf Oil, Menthol, Cymbopogon Schoenanthus (Lemongrass) Oil.']",56.0
Mini Baomint Moisturizing Curl Defining Gel,adwoa beauty,"['allure 2020 Best of Beauty Award Winner', 'Clean at Sephora', 'Curl-Enhancing', 'Coily Hair', 'Curly Hair', 'Strong Hold']","['Water (Aqua), Glycerin, Prunus Amygdalus Dulcis (Sweet Almond) Oil, Adansonia Digitata (Baobab) Oil, Caprylic/Capric Triglyceride (Fractionated Coconut Oil), Butyrospermum Parkii (Shea Butter), Opuntia Ficus Indica (Prickly Pear) SeedOil, Phthalates Free Fragrance, Cucurbita Pepo (Pumpkin) Seed Oil, Acrylates Copolymer, Polyquaternium,-11, Xanthan Gum, Dehydroacetic Acid, Benzyl Alcohol, Carbomer, Aminomethyl Propanol, Lavandula (Lavender) Spica Oil, Gaultheria Procumbens (Wintergreen) Oil, Mentha Viridis (Spearmint) Leaf Oil, Mentha Piperita (Peppermint) Oil, Rosmarinus Officinalis (Rosemary) Leaf Oil, Urtica Dioica (Nettle) Extract.']",14.0
Mini Baomint Moisturizing Curl Defining Cream,adwoa beauty,"['Clean at Sephora', 'Good for: Volume', 'All Hair Types', 'Curl-Enhancing', 'Coily Hair', 'Strong Hold']","['Water (Aqua), Behentrimonium Methosulfate, Cetearyl Alcohol, Butyrospermum Parkii (Shea Butter), Beeswax, Prunus Amygdalus Dulcis (Sweet Almond) Oil, Adansonia Digitata (Baobab) Oil, Honey, Glycerin, Glyceryl Stearate, Phthalates Free Fragrance, Opuntia Ficus Indica (Prickly Pear) SeedOil, Silk Amino Acids, Tocopheryl Acetate, Dehydroacetic Acid, Benzyl Alcohol, Gaultheria Procumbens (Wintergreen) Oil, Mentha Piperita (Peppermint) Oil, Mentha Viridis (Spearmint) Leaf Oil, Lavandula (Lavender) Spica Oil, Rosmarinus Officinalis (Rosemary) Leaf Oil, Urtica Dioica (Nettle) Extract, Vanilla Tahitensis (Vanilla) Fruit Oil.']",14.0
Mini Baomint Leave-In Conditioning Styler,adwoa beauty,"['Clean at Sephora', 'All Hair Types', 'Curl-Enhancing', 'Coily Hair', 'Without Parabens']","['Water (Aqua), Behentrimonium Methosulfate, Cetearyl Alcohol, Adansonia Digitata (Baobab) Oil, Prunus Amygdalus Dulcis (Sweet Almond) Oil, Cetyl Alcohol, Butyrospermum Parkii (Shea Butter), Aloe Barbadensis Leaf Juice, Glycerin, Opuntia Ficus Indica (Prickly Pear) SeedOil, Caprylic/Capric Triglyceride (Fractionated Coconut Oil), Gaultheria Procumbens (Wintergreen) Oil, Mentha Piperita (Peppermint) Oil, Rosmarinus Officinalis (Rosemary) Leaf Oil, Guar Hydroxypropyltrimonium Chloride, Lavandula Spica (Lavender) Oil, Urtica Dioica (Nettle) Extract, Cucurbita Pepo (Pumpkin) Seed Oil, Phthalates Free Fragrance, Tocopheryl Acetate, Dehydroacetic Acid, Benzyl Alcohol, Silk Amino Acids, Vanilla Tahitensis (Vanilla) Fruit Oil.']",13.0
Mini Baomint Moisturizing Shampoo,adwoa beauty,"['Unisex/ Genderless Scent', 'Clean at Sephora', 'Coily Hair', 'Curly Hair', 'Without Sulfates SLS & SLES', 'Good for: Flaky/Dry Scalp']","['Water (Aqua), Aloe Barbadensis Leaf Juice, Cocamidopropyl Betaine, Sodium Cocoyl Isethionate, Lauryl Glucoside, Sodium Lauroyl Lactylate, Glycerin, Adansonia Digitata (Baobab) Oil, Ricinus Communis (Jamaican Black Castor) Seed Oil, Prunus Amygdalus Dulcis (Sweet Almond) Oil, Phthalates Free Fragrance, Gaultheria Procumbens (Wintergreen) Oil, Mentha Piperita (Peppermint) Oil, Mentha Viridis (Spearmint) Leaf Oil, Hydroxyethylcellulose, Polyquaternium-10, Dehydroacetic Acid, Benzyl Alcohol, Guar Hydroxypropyltrimonium Chloride, Opuntia Ficus Indica (Prickly Pear) SeedOil, Cucurbita Pepo (Pumpkin) Seed Oil, Lavandula (Lavender) Spica Oil, Rosmarinus Officinalis (Rosemary) Leaf Oil, Menthol, Urtica Dioica (Nettle) Extract, Citric Acid.']",12.0
Mini Baomint Protect + Shine Oil Blend,adwoa beauty,"['Clean at Sephora', 'All Hair Types', 'Curly Hair', 'UV Protection', 'Increases Shine', 'Good for: Flaky/Dry Scalp']","['Glycine Soja (Soybean) Oil, Vitis Vinifera (Grape) Seed Oil, Olea Europaea (Olive) Oil, Caprylic/Capric Triglyceride (Fractionated Coconut Oil), Prunus Amygdalus Dulcis (Sweet Almond) Oil, Helianthus Annuus (Sunflower) Seed Oil, Adansonia Digitata (Baobab) Oil, Punica Granatum (Pomegranate)Seed Oil, Fragrance, Tocopheryl Acetate, Melaleuca Alternifolia (Tea Tree) Leaf Oil, Gaultheria Procumbens (Wintergreen) Oil, Mentha Piperita (Peppermint) Oil, Mentha Viridis (Spearmint) Leaf Oil, Lavandula (Lavender) Spica Oil, Rosmarinus Officinalis (Rosemary) Leaf Oil, Menthol, Cymbopogon Schoenanthus (Lemongrass) Oil.']",11.0
Rose Lip Conditioner,AERIN,"['Hydrating', 'Good for: Dryness']","['Polybutene; Hydrogenated Polyisobutene; Dextrin Palmitate; Bis-Diglyceryl Polyacyladipate-2; Polydecene; Magnolia Officinalis Bark Extract; Limnanthes Alba (Meadowfoam) Seed Oil; Lecithin; Caprylyl Glycol; Simethicone; Pentaerythrityl Tetra-Di-T-Butyl Hydroxyhydrocinnamate; Hexylene Glycol; Fragrance (Parfum); Phenoxyethanol; [+/- Titanium Dioxide (Ci 77891); Iron Oxides (Ci 77491, Ci 77492, Ci 77499); Red 7 Lake (Ci 15850); Blue 1 Lake (Ci 42090); Manganese Violet (Ci 77742); Yellow 5 Lake (Ci 19140); Red 22 Lake (Ci 45380); Red 30 Lake (Ci 73360); Mica; Red 6 (Ci 15850); Yellow 6 Lake (Ci 15985); Carmine (Ci 75470); Bismuth Oxychloride (Ci 77163); Red 33 Lake (Ci 17200); Orange 5 (Ci 45370); Red 28 Lake (Ci 45410)].']",35.0
Mediterranean Honeysuckle,AERIN,"['Floral Scent', 'Layerable Scent', 'Fresh Scent']","['Alcohol Denat., Fragrance (Parfum), Water/Aqua/Eau, Butylphenyl Methylpropional, Butyl Methoxydibenzoylmethane, Limonene, Hydroxycitronellal, Geraniol, Linalool, Citral, Citronellol, Benzyl Alcohol.']",145.0
Mediterranean Honeysuckle Eau de Parfum Travel Spray,AERIN,"['Floral Scent', 'Layerable Scent', 'Fresh Scent']","['Alcohol Denat., Fragrance (Parfum), Water/Aqua/Eau, Butylphenyl Methylpropional, Butyl Methoxydibenzoylmethane, Limonene, Hydroxycitronellal, Geraniol, Linalool, Citral, Citronellol, Benzyl Alcohol.']",35.0
Amber Musk,AERIN,"['Floral Scent', 'Layerable Scent', 'Warm &Spicy Scent']","['Alcohol Denat., Amber Musk Fragrance, Water, Butyl Methoxydibenzoylmethane, Hydroxycitronellal, Benzyl Salicylate, Geraniol, Coumarin, Citral, Benzyl Benzoate.']",145.0
Amber Musk Eau de Parfum Travel Spray,AERIN,"['Floral Scent', 'Layerable Scent', 'Warm &Spicy Scent']","['Alcohol Denat., Amber Musk Fragrance (Parfum), Water\\Aqua\\Eau, Butyl Methoxydibenzoylmethane, Hydroxycitronellal, Benzyl Salicylate, Geraniol, Coumarin, Citral, Benzyl Benzoate <ILN40259>.']",35.0
Hibiscus Palm Eau de Parfum,AERIN,"['Floral Scent', 'Layerable Scent', 'Fresh Scent']","['Alcohol Denat., Fragrance, Water, Dipropylene Glycol, Benzyl Salicylate, Ethylhexyl Methoxycinnamate, Butyl Methoxydibenzoylmethane, Ethylhexyl Salicylate, Bht, Dilauryl Thiodipropionate, Linalool, Geraniol, Farnesol, Benzyl Benzoate, Eugenol, Citral, Isoeugenol, Benzyl Alcohol, Coumarin, Hydroxycitronellal, Limonene <ILN44252>.']",145.0
Ikat Jasmine,AERIN,"['Floral Scent', 'Layerable Scent', 'Fresh Scent']","['Alcohol Denat., Ikat Jasmine Fragrance, Water, Linalool, Hydroxycitronellal, Limonene, Butyl Methoxydibenzoylmethane, Citronellol, Benzyl Benzoate, Benzyl Alcohol, Citral, Farnesol, Geraniol, Eugenol, Cinnamyl Alcohol.']",200.0
Lilac Path,AERIN,"['Floral Scent', 'Layerable Scent', 'Fresh Scent']","['Alcohol Denat., Lilac Path Fragrance, Water, Linalool, Butylphenyl Methylpropional, Benzyl Salicylate, Butyl Methoxydibenzoylmethane, Ethylhexyl Methoxycinnamate, Hydroxycitronellal, Ethylhexyl Salicylate, Citronellol, Geraniol, Benzyl Benzoate, Benzyl Alcohol, Citral, Farnesol, Cinnamyl Alcohol, Isoeugenol, Eugenol, Limonene.']",145.0
Waterlily Sun,AERIN,"['Layerable Scent', 'Floral Scent', 'Fresh Scent']","['Alcohol Denat., Fragrance, Water, Limonene, Benzyl Salicylate, Ethylhexyl Methoxycinnamate, Butyl Methoxydibenzoylmethane, Ethylhexyl Salicylate, Linalool, Geraniol, Citronellol, Eugenol, Benzyl Alcohol, Citral, Farnesol.']",145.0
Rose De Grasse,AERIN,"['Layerable Scent', 'Floral Scent']","['Alcohol Denat., Fragrance (Parfum), Water\\Aqua\\Eau, Phenethyl Alcohol, Citronellol, Geraniol, Farnesol, Linalool, Citral, Benzyl Alcohol, Eugenol, Butyl Methoxydibenzoylmethane, Bht <ILN42248>.']",260.0
Ikat Jasmine Travel Spray,AERIN,"['Layerable Scent', 'Floral Scent', 'Fresh Scent']","['Alcohol Denat., Ikat Jasmine Fragrance (Parfum), Water\\Aqua\\Eau, Linalool, Hydroxycitronellal, Limonene, Butyl Methoxydibenzoylmethane, Citronellol, Benzyl Benzoate, Benzyl Alcohol, Citral, Farnesol, Geraniol, Eugenol, Cinnamyl Alcohol <ILN40269>.']",35.0
Wild Geranium Travel Spray,AERIN,"['Layerable Scent', 'Fresh Scent']","['Alcohol Denat., Fragrance (Parfum), Water\\Aqua\\Eau, Benzyl Salicylate, Limonene, Hydroxycitronellal, Geraniol, Linalool, Citronellol, Farnesol, Cinnamyl Alcohol, Citral, Benzyl Alcohol, Benzyl Benzoate, Isoeugenol, Butyl Methoxydibenzoylmethane, Ethylhexyl Methoxycinnamate, Ethylhexyl Salicylate, Tocopherol, Bht, Dilauryl Thiodipropionate.']",35.0
Tangier Vanille,AERIN,,"['Alcohol Denat., Fragrance, Water, Ethylhexyl Methoxycinnamate, Butyl Methoxydibenzoylmethane, Ethylhexyl Salicylate, Geraniol, Limonene, Linalool, Coumarin, Citral, Benzyl Benzoate, Citronellol, Bht.']",145.0
Hibiscus Palm Eau de Parfum Travel Spray,AERIN,"['Floral Scent', 'Layerable Scent', 'Fresh Scent']","['Alcohol Denat., Fragrance (Parfum), Water\\Aqua\\Eau, Dipropylene Glycol, Benzyl Salicylate, Ethylhexyl Methoxycinnamate, Butyl Methoxydibenzoylmethane, Ethylhexyl Salicylate, Bht, Dilauryl Thiodipropionate, Linalool, Geraniol, Farnesol, Benzyl Benzoate, Eugenol, Citral, Isoeugenol, Benzyl Alcohol, Coumarin, Hydroxycitronellal, Limonene <ILN44252>.']",35.0
Mediterranean Honeysuckle Mimosa Eau de Parfum,AERIN,['Floral Scent'],"['Alcohol Denat., Fragrance (Parfum), Water/Aqua/Eau, Dipropylene Glycol, Hydroxycitronellal, Limonene, Geraniol, Citronellol, Linalool, Citral, Isoeugenol, Farnesol, Methyl 2-Octynoate, Ethylhexyl Methoxycinnamate, Butyl Methoxydibenzoylmethane, Ethylhexyl Salicylate, Dilauryl Thiodipropionate, Tocopherol.']",135.0
Wild Geranium,AERIN,"['Layerable Scent', 'Fresh Scent']","['Alcohol Denat., Fragrance (Parfum), Water\\Aqua\\Eau, Benzyl Salicylate, Limonene, Hydroxycitronellal, Geraniol, Linalool, Citronellol, Farnesol, Cinnamyl Alcohol, Citral, Benzyl Alcohol, Benzyl Benzoate, Isoeugenol, Butyl Methoxydibenzoylmethane, Ethylhexyl Methoxycinnamate, Ethylhexyl Salicylate, Tocopherol, Bht, Dilauryl Thiodipropionate.']",145.0
Mini Aegea Blossom Eau de Parfum Travel Spray,AERIN,,"['Alcohol Denat., Fragrance (Parfum), Water\\Aqua\\Eau, Dipropylene Glycol, Ethylhexyl Methoxycinnamate, Butyl Methoxydibenzoylmethane, Ethylhexyl Salicylate, Bht, Linalool, Benzyl Salicylate, Hexyl Cinnamal, Alpha-Isomethyl Ionone, Limonene, Geraniol, Citral, Citronellol, Benzyl Alcohol, Farnesol, Amyl Cinnamal <ILN44961>.']",35.0
Aegea Blossom Eau de Parfum,AERIN,,"['Alcohol Denat., Fragrance (Parfum), Water\\Aqua\\Eau, Dipropylene Glycol, Ethylhexyl Methoxycinnamate, Butyl Methoxydibenzoylmethane, Ethylhexyl Salicylate, Bht, Linalool, Benzyl Salicylate, Hexyl Cinnamal, Alpha-Isomethyl Ionone, Limonene, Geraniol, Citral, Citronellol, Benzyl Alcohol, Farnesol, Amyl Cinnamal <ILN44961>.']",145.0
Cedar Violet Eau de Parfum Travel Spray,AERIN,,"['Alcohol Denat., Fragrance (Parfum), Water\\Aqua\\Eau, Dipropylene Glycol, Alpha-Isomethyl Ionone, Hydroxycitronellal, Benzyl Salicylate, Geraniol, Citronellol, Farnesol, Linalool, Benzyl Benzoate, Eugenol, Butyl Methoxydibenzoylmethane, Ethylhexyl Salicylate, Ethylhexyl Methoxycinnamate, Tocopherol, Bht.']",35.0
Perfume Sampler Discovery Set,AERIN,,"['Ikat Jasmine:', 'Alcohol Denat., Ikat Jasmine Fragrance (Parfum), Water/Aqua/Eau, Linalool, Hydroxycitronellal, Limonene, Butyl Methoxydibenzoylmethane, Citronellol, Benzyl Benzoate, Benzyl Alcohol, Citral, Farnesol, Geraniol, Eugenol, Cinnamyl Alcohol.', 'Amber Musk:', 'Alcohol Denat., Amber Musk Fragrance (Parfum), Water/Aqua/Eau, Butyl Methoxydibenzoylmethane, Hydroxycitronellal, Benzyl Salicylate, Geraniol, Coumarin, Citral, Benzyl Benzoate.', 'Rose de Grasse:', 'Alcohol Denat., Fragrance (Parfum), Water/Aqua/Eau, Phenethyl Alcohol, Citronellol, Geraniol, Farnesol, Linalool, Citral, Benzyl Alcohol, Eugenol, Butyl Methoxydibenzoylmethane, BHT.', 'Mediterranean Honeysuckle:', 'Alcohol Denat., Fragrance (Parfum), Water/Aqua/Eau, Butylphenyl Methylpropional, Butyl Methoxydibenzoylmethane, Limonene, Hydroxycitronellal, Geraniol, Linalool, Citral, Citronellol, Benzyl Alcohol.', 'Cedar Violet:', 'Alcohol Denat., Fragrance (Parfum), Water/Aqua/Eau, Dipropylene Glycol, Alpha-Isomethyl Ionone, Hydroxycitronellal, Benzyl Salicylate, Geraniol, Citronellol, Farnesol, Linalool, Benzyl Benzoate, Eugenol, Butyl Methoxydibenzoylmethane, Ethylhexyl Salicylate, Ethylhexyl Methoxycinnamate, Tocopherol, BHT.']",25.0
Cedar Violet Eau de Parfum,AERIN,,"['Alcohol Denat., Fragrance (Parfum), Water\\Aqua\\Eau, Dipropylene Glycol, Alpha-Isomethyl Ionone, Hydroxycitronellal, Benzyl Salicylate, Geraniol, Citronellol, Farnesol, Linalool, Benzyl Benzoate, Eugenol, Butyl Methoxydibenzoylmethane, Ethylhexyl Salicylate, Ethylhexyl Methoxycinnamate, Tocopherol, Bht.']",145.0
Mediterranean Honeysuckle Clementina,AERIN,,"['Alcohol Denat., Fragrance (Parfum), Water/Aqua/Eau, Limonene, Dipropylene Glycol, Hydroxycitronellal, Geraniol, Linalool, Citronellol, Citral, Hexyl Cinnamal, Benzyl Alcohol, Alcohol, Ethylhexyl Methoxycinnamate, Butyl Methoxydibenzoylmethane, Ethylhexyl Salicylate, Tris(Tetramethylhydroxypiperidinol) Citrate, Dilauryl Thiodipropionate, Tocopherol, BHT, Methyl Benzoate.']",145.0
Rose De Grasse Pour Filles Eau de Parfum,AERIN,,"['Alcohol Denat., Fragrance (Parfum), Water/Aqua/Eau, Limonene, Benzyl Salicylate, Ethylhexyl Methoxycinnamate, Butyl Methoxydibenzoylmethane, Ethylhexyl Salicylate, Linalool, Geraniol, Citronellol, Eugenol, Benzyl Alcohol, Citral, Farnesol.']",100.0
Mediterranean Honeysuckle Mimosa Eau de Parfum Travel Spray,AERIN,['Floral Scent'],"['Alcohol Denat., Fragrance (Parfum), Water/Aqua/Eau, Dipropylene Glycol, Hydroxycitronellal, Limonene, Geraniol, Citronellol, Linalool, Citral, Isoeugenol, Farnesol, Methyl 2-Octynoate, Ethylhexyl Methoxycinnamate, Butyl Methoxydibenzoylmethane, Ethylhexyl Salicylate, Dilauryl Thiodipropionate, Tocopherol.']",30.0
GENIUS Sleeping Collagen Moisturizer,Algenist,"['Vegan', 'Good for: Loss of firmness', 'Collagen', 'Hypoallergenic', 'Without Parabens', 'Best for Dry, Combo, Normal Skin']","['Collagen (Vegan)*, Water (Aqua, Eau), Ethylhexyl Palmitate, Oryza Sativa (Rice) Bran Extract, Caprylic/Capric Triglyceride, Glycerin, Cetearyl Methicone, Dimethicone, Cetearyl Alcohol, Pyrus Malus (Apple) Fruit Extract, Chlorella Protothecoides Oil, Polysorbate 60, Glyceryl Glucoside , Polyglyceryl-2 Stearate, Parachlorella Beijerinckii Exopolysaccharides, Collagen Amino Acids (Vegan)*, Ceramide NP, Silybum Marianum Fruit Extract, Helianthus Annuus (Sunflower) Extract, Rosmarinus Officinalis (Rosemary) Leaf Extract, Tocopherol, Carnosine, Sodium Stearoyl Glutamate, Caprylyl Glycol, Ammonium Acryloyldimethyltaurate/VP Copolymer, Ethylhexylglycerin, Hexylene Glycol, Citric Acid, Lecithin, Sodium Hydroxide, Sodium Phytate, t-Butyl Alcohol, Leuconostoc/Radish Root Ferment Filtrate, Phenoxyethanol, Triethyl Citrate, Vanillin, Amyl Salicylate, Benzyl Acetate, Cedrus Atlantica Bark Oil, Phenethyl Alcohol, Ionone, Linalool.']",98.0
GENIUS Liquid Collagen Serum,Algenist,"['Vegan', 'Good for: Loss of firmness', 'Collagen', 'Hypoallergenic', 'Without Parabens', 'Best for Dry, Combo, Normal Skin']","['Collagen (Vegan)*, Water (Aqua, Eau), Propanediol, Isononyl Isononanoate, Butylene Glycol, Glycerin, Betaine, Pentylene Glycol, Dextrin Palmitate, Collagen Amino Acids (Vegan)*, Parachlorella Beijerinckii Exopolysaccharides, Chlorella Protothecoides Oil, Helichrysum Stoechas Flower Extract, Cylindrotheca Fusiformis Extract, Niacinamide, Tocopherol, Palmitoyl Tripeptide-1, Palmitoyl Tetrapeptide-7, Adenosine, Helianthus Annuus (Sunflower) Seed Oil, Leuconostoc/Radish Root Ferment Filtrate, Caprylic/Capric Triglyceride, Palmitic Acid, Disodium EDTA, Carbomer, Sodium Lactate, Amodimethicone, Homosalate, Polysorbate 20, Butyl Methoxydibenzoylmethane, 1,2-Hexanediol, Caprylyl Glycol, Octocrylene, Sodium Hydroxide, Phenoxyethanol, Fragrance (Parfum), Limonene, Beta-Carotene (CI 40800).']",115.0
Triple Algae Eye Renewal Balm Eye Cream,Algenist,,"['Aqua (Water/Eau), Stearic Acid, Isopropyl Isostearate, Dimethicone, Glycerin, Pentylene', 'Glycol, Glyceryl Stearate SE, Cetearyl Alcohol, Butyrospermum Parkii (Shea) Butter, C12-15 Alkyl Benzoate, Limnanthes Alba (Meadowfoam) Seed Oil, Parachlorella Beijerinckii Exopolysaccharides, Corallina Officinalis Extract, Dunaliella Salina Extract, Undaria Pinnatifida Extract, Dipeptide-2, Palmitoyl Tetrapeptide-7, Palmitoyl Hexapeptide-12, Palmitoyl Tripeptide-5, Sodium Hyaluronate, Caffeine, Coffea Arabica (Coffee) Seed Oil, Tribehenin, Ceramide NG, PEG-10 Phytosterol, Tetrahexyldecyl Ascorbate, Aloe Barbadensis Leaf Juice, Tocopheryl Acetate, Bambusa Vulgaris Leaf/Stem Extract, Pisum Sativum (Pea)', 'Extract, Glucosamine HCl, Leuconostoc/Radish Root Ferment Filtrate, Camellia Sinensis Leaf Extract, Cucumis Sativus (Cucumber) Fruit Extract, Dimethicone Crosspolymer, Panthenol, Pantolactone, Caprylyl/Capryl Glucoside, Pfaffia Paniculata Root Extract, Ptychopetalum Olacoides Bark/Stem Extract, Lilium Candidum Flower Extract, Rubus Idaeus (Raspberry) Leaf Extract, Aloe Barbadensis Leaf Juice Powder, Vinyl Dimethicone/Methicone Silsesquioxane Crosspolymer, Phospholipids, Ceteareth-20, Acrylates/C10-30 Alkyl Acrylate Crosspolymer, Disodium EDTA, Aminomethyl Propanol, Caprylyl Glycol, Lactic Acid, Ethylhexylglycerin, Hexylene Glycol, Hesperidin Methyl Chalcone, Steareth-20, Citric Acid, Sodium Citrate, Chlorhexidine Digluconate, Phenoxyethanol, Potassium Sorbate, Benzyl Alcohol, Sodium Benzoate.']",68.0
GENIUS Liquid Collagen Lip Treatment,Algenist,"['Vegan', 'Good for: Loss of firmness', 'Plumping', 'Collagen', 'Hypoallergenic', 'Best for Dry, Combo, Normal Skin']","['Collagen (Vegan)*, Water (Aqua, Eau), Glycerin, Isononyl Isononanoate, Limnanthes Alba (Meadowfoam) Seed Oil, Dextrin Palmitate, Pentylene Glycol, Diglycerin, Propanediol, Menthoxypropanediol, Collagen Amino Acids (Vegan)*, Parachlorella Beijerinckii Exopolysaccharides, Chlorella Protothecoides Oil, Acmella Oleracea Extract, Brassica Alba Sprout Extract, Helianthus Annuus (Sunflower) Seed Oil, Hydroxymethoxyphenyl Propylmethylmethoxybenzofuran, Adenosine, Tocopherol, Leuconostoc/Radish Root Ferment Filtrate, Methyl Gluceth-20, Carbomer, Palmitic Acid, Sodium Hydroxide, Disodium EDTA, Amodimethicone, Butyl Methoxydibenzoylmethane, Homosalate, Octocrylene, Sorbic Acid, Sodium Benzoate, Potassium Sorbate, Phenoxyethanol, Stevia Rebaudiana Extract, Aroma, Benzyl Benzoate, Beta-Carotene (CI 40800).']",29.0
SUBLIME DEFENSE Ultra Lightweight UV Defense Fluid SPF 50,Algenist,"['Vegan', 'Hypoallergenic', 'UV Protection', 'SPF', 'Best for Dry, Combo, Normal Skin']","['Octinoxate 7.5%, Titanium Dioxide 2%, Zinc Oxide 17.1%, Cyclopentasiloxane, Water (Aqua, Eau), Alcohol Denat., Glycerin, Polyglyceryl-3 Polydimethylsiloxyethyl Dimethicone, Methyl Methacrylate Crosspolymer, PEG/PPG-18/18 Dimethicone, PEG-9 Polydimethylsiloxyethyl Dimethicone, Parachlorella Beijerinckii Exopolysaccharides, Echinacea Purpurea Extract, Tocopheryl Acetate, Camellia Oleifera Leaf Extract, Arctostaphylos Uva Ursi Leaf Extract, Glycyrrhiza Glabra (Licorice) Root Extract, Stearic Acid, Triethoxysilylethyl Polydimethylsiloxyethyl Hexyl Dimethicone, BHT, Ethylhexylglycerin, Caprylyl Glycol, Aluminum Hydroxide, Phenoxyethanol, Hexylene Glycol, Fragrance (Parfum), Hexyl Cinnamal, Linalool.']",28.0
GENIUS Ultimate Anti-Aging Cream,Algenist,"['Vegan', 'Collagen', 'Hypoallergenic', 'Good for: Loss of firmness', 'Best for Dry, Combo, Normal Skin']","['Water (Aqua, Eau), Caprylic/Capric Triglyceride, Hydrogenated Polyisobutene, Glycerin, Chlorella Protothecoides Oil, Dimethicone, Butylene Glycol, Glyceryl Stearate, PEG-100 Stearate, Butyrospermum Parkii (Shea) Butter, Pentylene Glycol, Potassium Cetyl Phosphate, Parachlorella Beijerinckii Exopolysaccharides, Collagen (Vegan)*,  Ceramide NP, Cynara Scolymus (Artichoke) Leaf Extract, Retinyl Palmitate, Astragalus Membranaceus Root Extract, Atractylodes Macrocephala Root Extract,  Iris Florentina Root Extract, Bupleurum Falcatum Root Extract, Copper Lysinate/Prolinate, Methylglucoside Phosphate, Stearalkonium Bentonite, Acrylates/C10-30 Alkyl Acrylate Crosspolymer, Silica, Caprylyl Glycol, Sodium Hydroxide, Disodium EDTA, Ethylhexylglycerin, Cetyl Alcohol, Propylene Carbonate, Quartz, Phenoxyethanol,  Leuconostoc/Radish Root Ferment Filtrate, Chlorphenesin, Fragrance (Parfum), Coumarin.']",112.0
GENIUS Ultimate Anti-Aging Melting Cleanser,Algenist,,"['C12-15 Alkyl Benzoate, Ethylhexyl Palmitate, Caprylic/Capric Triglyceride, Glycerin, Water (Aqua), Sucrose Laurate, Olea Europaea (Olive) Fruit Oil, Persea Gratissima (Avocado) Oil, Chlorella Protothecoides Oil, Algae Exopolysaccharides, Prunus Amygdalus Dulcis (Sweet Almond) Oil, Vaccinium Myrtillus Seed Oil, Retinyl Palmitate, Tocopheryl Acetate, Caprylyl Glycol, Chlorphenesin, Phenoxyethanol, Fragrance (Parfum), Benzyl Benzoate, Chromium Oxide Greens (CI 77288).']",38.0
Gentle Rejuvenating Cleanser,Algenist,,"['Water, Sodium Cocoyl Isethionate, Glyceryl Stearate SE, Stearic Acid, Cocamidopropyl Betaine, Cetyl Alcohol, Dimethicone PEG-8 Meadowfoamate, Hamamelis Virginiana Water (Hamamelis Virginiana (Witch Hazel) Water), Algae Exopolysaccharides, Tocopheryl Acetate, Sodium Lauroyl Oat Amino Acids, Camellia Sinensis Leaf Extract, Pyrus Malus Fruit Extract (Pyrus Malus (Apple) Fruit Extract), Citrus Medica Limonum Fruit Extract (Citrus Medica Limonum (Lemon) Fruit Extract), Citrus Aurantium Dulcis Fruit Extract (Citrus Aurantium Dulcis (Orange) Fruit Extract), Saccharum Officinarum Extract (Saccharum Officinarum (Sugar Cane) Extract), Arctostaphylos Uva Ursi Leaf Extract, Glycyrrhiza Glabra Root Extract (Glycyrrhiza Glabra (Licorice) Root Extract), Jojoba Alcohol, Potassium Jojobate, Glycerin, Lauryl Lactyl Lactate, Butylene Glycol, Benzoic Acid, Phenoxyethanol, Caprylyl Glycol, Hexylene Glycol, Sodium Chloride, Xanthan Gum, Ethylhexylglycerin.']",28.0
10 Day Results Kit,Algenist,"['Vegan', 'Good for: Loss of firmness', 'Good for: Dark Circles', 'Collagen', 'Hydrating', 'Good for: Anti-Aging']","['GENIUS Liquid Collagen:', 'Collagen (Vegan), Water (Aqua, Eau), Propanediol, Isononyl Isononanoate, Butylene Glycol, Glycerin, Betaine, Pentylene Glycol, Dextrin Palmitate, Collagen Amino Acids (Vegan), Parachlorella Beijerinckii Exopolysaccharides, Chlorella Protothecoides Oil, Helichrysum Stoechas Flower Extract, Cylindrotheca Fusiformis Extract, Niacinamide, Tocopherol, Palmitoyl Tripeptide-1, Palmitoyl Tetrapeptide-7, Adenosine, Helianthus Annuus (Sunflower) Seed Oil, Leuconostoc/Radish Root Ferment Filtrate, Caprylic/Capric Triglyceride, Palmitic Acid, Disodium EDTA, Carbomer, Sodium Lactate, Amodimethicone, Homosalate, Polysorbate 20, Butyl Methoxydibenzoylmethane, 1,2-Hexanediol, Caprylyl Glycol, Octocrylene, Sodium Hydroxide, Phenoxyethanol, Fragrance (Parfum), Limonene, Beta-Carotene (CI 40800).', 'Triple Algae Eye Renewal Balm with Multi-Peptide Complex:', 'Aqua (Water/Eau), Stearic Acid, Isopropyl Isostearate, Dimethicone, Glycerin, Pentylene', 'Glycol, Glyceryl Stearate SE, Cetearyl Alcohol, Butyrospermum Parkii (Shea) Butter, C12-15 Alkyl Benzoate, Limnanthes Alba (Meadowfoam) Seed Oil, Parachlorella Beijerinckii Exopolysaccharides, Corallina Officinalis Extract, Dunaliella Salina Extract, Undaria Pinnatifida Extract, Dipeptide-2, Palmitoyl Tetrapeptide-7, Palmitoyl Hexapeptide-12, Palmitoyl Tripeptide-5, Sodium Hyaluronate, Caffeine, Coffea Arabica (Coffee) Seed Oil, Tribehenin, Ceramide NG, PEG-10 Phytosterol, Tetrahexyldecyl Ascorbate, Aloe Barbadensis Leaf Juice, Tocopheryl Acetate, Bambusa Vulgaris Leaf/Stem Extract, Pisum Sativum (Pea)', 'Extract, Glucosamine HCl, Leuconostoc/Radish Root Ferment Filtrate, Camellia Sinensis Leaf Extract, Cucumis Sativus (Cucumber) Fruit Extract, Dimethicone Crosspolymer, Panthenol, Pantolactone, Caprylyl/Capryl Glucoside, Pfaffia Paniculata Root Extract, Ptychopetalum Olacoides Bark/Stem Extract, Lilium Candidum Flower Extract, Rubus Idaeus (Raspberry) Leaf Extract, Aloe Barbadensis Leaf Juice Powder, Vinyl Dimethicone/Methicone Silsesquioxane Crosspolymer, Phospholipids, Ceteareth-20, Acrylates/C10-30 Alkyl Acrylate Crosspolymer, Disodium EDTA, Aminomethyl Propanol, Caprylyl Glycol, Lactic Acid, Ethylhexylglycerin, Hexylene Glycol, Hesperidin Methyl Chalcone, Steareth-20, Citric Acid, Sodium Citrate, Chlorhexidine Digluconate, Phenoxyethanol, Potassium Sorbate, Benzyl Alcohol, Sodium Benzoate.', 'GENIUS Ultimate Anti-Aging Cream:', 'Water (Aqua, Eau), Caprylic/Capric Triglyceride, Hydrogenated Polyisobutene, Glycerin, Chlorella Protothecoides Oil, Dimethicone, Butylene Glycol, Glyceryl Stearate, PEG-100 Stearate, Butyrospermum Parkii (Shea) Butter, Pentylene Glycol, Potassium Cetyl Phosphate, Parachlorella Beijerinckii Exopolysaccharides, Collagen (Vegan), Ceramide NP, Cynara Scolymus (Artichoke) Leaf Extract, Retinyl Palmitate, Astragalus Membranaceus Root Extract, Atractylodes Macrocephala Root Extract, Iris Florentina Root Extract, Bupleurum Falcatum Root Extract, Copper Lysinate/Prolinate, Methylglucoside Phosphate, Stearalkonium Bentonite, Acrylates/C10-30 Alkyl Acrylate Crosspolymer, Silica, Caprylyl Glycol, Sodium Hydroxide, Disodium EDTA, Ethylhexylglycerin, Cetyl Alcohol, Propylene Carbonate, Quartz, Phenoxyethanol, Leuconostoc/Radish Root Ferment Filtrate, Chlorphenesin, Fragrance (Parfum), Coumarin.']",88.0
Advanced Anti-Aging Repairing Oil,Algenist,,"['Chlorella Protothecoides Oil, Cetearyl Ethylhexanoate, Isopropyl Isostearate, Caprylic/Capric Triglyceride, Ceramide 3, Alaria Esculenta Extract, Retinyl Palmitate, Tocopherol, Rosmarinus Officinalis Leaf Extract, Helianthus Annuus Seed Oil, Cymbopogon Martini Oil, Geraniol.']",82.0
Overnight Restorative Cream,Algenist,,"['Water, Isopropyl Isostearate, Butyrospermum Parkii Butter (Butyrospermum Parkii (Shea Butter)), Glycerin, Stearic Acid, Squalane, Butylene Glycol, Dimethicone, Glyceryl Stearate SE, Cetearyl Alcohol, Dimethicone Crosspolymer, Ascorbyl Glucoside, Pentylene Glycol, Algae Exopolysaccharides, Algae Extract, Tocopheryl Acetate, Citrullus Vulgaris Fruit Extract (Citrullus Vulgaris (Watermelon) Fruit Extract), Lens Esculenta Fruit Extract (Lens Esculenta (Lentil) Fruit Extract), Oleanolic Acid, Palmitoyl Oligopeptide, Palmitoyl Tetrapeptide-7, Pyrus Malus Fruit Extract (Pyrus Malus (Apple) Fruit Extract), Enantia Chlorantha Bark Extract, Crithmum Maritimum Extract, Silybum Marianum Seed Oil, Caprylic/Capric Triglyceride, Ceteareth-20, Dimethicone, Acrylates/C10-30 Alkyl Acrylate Crosspolymer, Sodium Hydroxide, Caprylyl Glycol, Hydrogenated Vegetable Oil, Hexylene Glycol, Phenoxyethanol, Disodium EDTA, Fragrance, Sodium PCA, Carbomer, Polysorbate 20, Sodium Lactate, Ethylhexylglycerin.']",94.0
